titre, annee, acteur, description, image, video, genre_cat
titre film, 2017-11-17 00:00:00, acteurs film,  description blablabla, image.jpeg, video.mp4, action
titre film, 2017-11-17 00:00:00, acteurs film,  description blablabla, image.jpeg, video.mp4, action
titre film, 2017-11-17 00:00:00, acteurs film,  description blablabla, image.jpeg, video.mp4, action
titre film, 2017-11-17 00:00:00, acteurs film,  description blablabla, image.jpeg, video.mp4, action
titre film, 2017-11-17 00:00:00, acteurs film,  description blablabla, image.jpeg, video.mp4, action
titre film, 2017-11-17 00:00:00, acteurs film,  description blablabla, image.jpeg, video.mp4, action
titre film, 2017-11-17 00:00:00, acteurs film,  description blablabla, image.jpeg, video.mp4, action
titre film, 2017-11-17 00:00:00, acteurs film,  description blablabla, image.jpeg, video.mp4, action
titre film, 2017-11-17 00:00:00, acteurs film,  description blablabla, image.jpeg, video.mp4, action
titre film, 2017-11-17 00:00:00, acteurs film,  description blablabla, image.jpeg, video.mp4, action
titre film, 2017-11-17 00:00:00, acteurs film,  description blablabla, image.jpeg, video.mp4, action
titre film, 2017-11-17 00:00:00, acteurs film,  description blablabla, image.jpeg, video.mp4, action
titre film, 2017-11-17 00:00:00, acteurs film,  description blablabla, image.jpeg, video.mp4, action
titre film, 2017-11-17 00:00:00, acteurs film,  description blablabla, image.jpeg, video.mp4, action
titre film, 2017-11-17 00:00:00, acteurs film,  description blablabla, image.jpeg, video.mp4, action
titre film, 2017-11-17 00:00:00, acteurs film,  description blablabla, image.jpeg, video.mp4, action
titre film, 2017-11-17 00:00:00, acteurs film,  description blablabla, image.jpeg, video.mp4, action
titre film, 2017-11-17 00:00:00, acteurs film,  description blablabla, image.jpeg, video.mp4, action
titre film, 2017-11-17 00:00:00, acteurs film,  description blablabla, image.jpeg, video.mp4, action
titre film, 2017-11-17 00:00:00, acteurs film,  description blablabla, image.jpeg, video.mp4, action
titre film, 2017-11-17 00:00:00, acteurs film,  description blablabla, image.jpeg, video.mp4, action
titre film, 2017-11-17 00:00:00, acteurs film,  description blablabla, image.jpeg, video.mp4, action